{
  "meta": {
    "ckpt": "checkpoints/beat_asap/last.ckpt",
    "split": "test",
    "overlap": 64,
    "chunk": 512,
    "device": "cuda",
    "n_performances": 2,
    "use_beat_conditioning": true,
    "n_with_gold_beats": 59,
    "elapsed_s": 47.2
  },
  "aggregate": {
    "n_scored": 2,
    "n_total": 2,
    "muster": {
      "PitchER": 1.1907785,
      "MissRate": 7.1734100000000005,
      "ExtraRate": 3.9043099999999997,
      "OnsetER": 10.343615,
      "OffsetER": 31.592799999999997,
      "MeanER": 10.84098,
      "VoiceER": 63.528999999999996,
      "NewMeanER": 19.6223,
      "Pvoi": 43.79455,
      "Rvoi": 50.531549999999996,
      "Fvoi": 46.860299999999995,
      "ScaleErr": 1.2541600000000002,
      "HandER": 36.116715
    },
    "mxl <-> gt_mxl": {
      "Clef": 0.0,
      "KeySignature": 0.0,
      "TimeSignature": 0.0,
      "NoteDeletion": 0.10891228070175438,
      "NoteInsertion": 0.05035087719298245,
      "NoteSpelling": 0.022105263157894735,
      "NoteDuration": 0.26042105263157894,
      "StemDirection": 0.20789473684210527,
      "Beams": 0.5043859649122807,
      "Tie": 0.0,
      "StaffAssignment": 0.10392982456140351,
      "Voice": 0.0,
      "TrillTP": 0.5,
      "TrillFP": 1.5,
      "TrillTN": 825.5,
      "TrillFN": 0.0,
      "StaccatoTP": 0.0,
      "StaccatoFP": 0.0,
      "StaccatoTN": 813.5,
      "StaccatoFN": 14.0,
      "GraceTP": 0.0,
      "GraceFP": 2.5,
      "GraceTN": 823.0,
      "GraceFN": 2.0,
      "TrillPrec": 0.25,
      "TrillRec": 1.0,
      "TrillF1": 0.4,
      "n_Note": 1087.5,
      "StaccatoRec": 0.0,
      "GracePrec": 0.0,
      "GraceRec": 0.0
    }
  },
  "per_performance": [
    {
      "composer": "Bach",
      "piece": "Bach/Fugue/bwv_846",
      "piece_id": 15,
      "midi": "./data/asap-dataset/Bach/Fugue/bwv_846/Shi05M.mid",
      "score": "./data/asap-dataset/Bach/Fugue/bwv_846/xml_score.musicxml",
      "n_notes": 754,
      "sim": {
        "mxl <-> gt_mxl": {
          "Clef": 0.0,
          "KeySignature": 0.0,
          "TimeSignature": 0.0,
          "NoteDeletion": 0.06133333333333333,
          "NoteInsertion": 0.03333333333333333,
          "NoteSpelling": 0.0,
          "NoteDuration": 0.224,
          "StemDirection": 0.24666666666666667,
          "Beams": 0.7666666666666667,
          "Tie": 0.0,
          "StaffAssignment": 0.064,
          "Voice": 0.0,
          "TrillTP": 1,
          "TrillFP": 3,
          "TrillTN": 652,
          "TrillFN": 0,
          "StaccatoTP": 0,
          "StaccatoFP": 0,
          "StaccatoTN": 656,
          "StaccatoFN": 0,
          "GraceTP": 0,
          "GraceFP": 0,
          "GraceTN": 656,
          "GraceFN": 0,
          "TrillPrec": 0.25,
          "TrillRec": 1.0,
          "TrillF1": 0.4,
          "StaccatoPrec": null,
          "StaccatoRec": null,
          "StaccatoF1": null,
          "GracePrec": null,
          "GraceRec": null,
          "GraceF1": null,
          "n_Note": 750
        },
        "muster": {
          "PitchER": 0.939597,
          "MissRate": 3.89262,
          "ExtraRate": 2.98103,
          "OnsetER": 7.40223,
          "OffsetER": 24.8603,
          "MeanER": 8.01516,
          "VoiceER": 49.4413,
          "NewMeanER": 14.9195,
          "Pvoi": 55.791,
          "Rvoi": 60.7898,
          "Fvoi": 58.1832,
          "ScaleErr": 1.17625,
          "HandER": 7.82123
        }
      },
      "infer_s": 19.1
    },
    {
      "composer": "Scriabin",
      "piece": "Scriabin/Etudes_op_8/11",
      "piece_id": 478,
      "midi": "./data/asap-dataset/Scriabin/Etudes_op_8/11/Shi08M.mid",
      "score": "./data/asap-dataset/Scriabin/Etudes_op_8/11/xml_score.musicxml",
      "n_notes": 1324,
      "sim": {
        "mxl <-> gt_mxl": {
          "Clef": 0.0,
          "KeySignature": 0.0,
          "TimeSignature": 0.0,
          "NoteDeletion": 0.15649122807017543,
          "NoteInsertion": 0.06736842105263158,
          "NoteSpelling": 0.04421052631578947,
          "NoteDuration": 0.2968421052631579,
          "StemDirection": 0.16912280701754387,
          "Beams": 0.24210526315789474,
          "Tie": 0.0,
          "StaffAssignment": 0.14385964912280702,
          "Voice": 0.0,
          "TrillTP": 0,
          "TrillFP": 0,
          "TrillTN": 999,
          "TrillFN": 0,
          "StaccatoTP": 0,
          "StaccatoFP": 0,
          "StaccatoTN": 971,
          "StaccatoFN": 28,
          "GraceTP": 0,
          "GraceFP": 5,
          "GraceTN": 990,
          "GraceFN": 4,
          "TrillPrec": null,
          "TrillRec": null,
          "TrillF1": null,
          "StaccatoPrec": null,
          "StaccatoRec": 0.0,
          "StaccatoF1": null,
          "GracePrec": 0.0,
          "GraceRec": 0.0,
          "GraceF1": null,
          "n_Note": 1425
        },
        "muster": {
          "PitchER": 1.44196,
          "MissRate": 10.4542,
          "ExtraRate": 4.82759,
          "OnsetER": 13.285,
          "OffsetER": 38.3253,
          "MeanER": 13.6668,
          "VoiceER": 77.6167,
          "NewMeanER": 24.3251,
          "Pvoi": 31.7981,
          "Rvoi": 40.2733,
          "Fvoi": 35.5374,
          "ScaleErr": 1.33207,
          "HandER": 64.4122
        }
      },
      "infer_s": 28.1
    }
  ]
}