{
  "meta": {
    "ckpt": "checkpoints/arm1_mixed8020/arm1_mixed-epoch=04-val/total=0.6682.ckpt",
    "split": "test",
    "overlap": 64,
    "chunk": 512,
    "device": "cpu",
    "n_performances": 59,
    "elapsed_s": 2482.9
  },
  "aggregate": {
    "n_scored": 2,
    "n_total": 2,
    "muster": {
      "PitchER": 0.8141775,
      "MissRate": 5.73644,
      "ExtraRate": 2.72463,
      "OnsetER": 7.792535,
      "OffsetER": 25.362699999999997,
      "MeanER": 8.486085,
      "VoiceER": 60.59094999999999,
      "NewMeanER": 17.17025,
      "Pvoi": 46.8103,
      "Rvoi": 53.3912,
      "Fvoi": 49.79015,
      "ScaleErr": 1.196185,
      "HandER": 34.901415
    },
    "mxl <-> gt_mxl": {
      "Clef": 0.0,
      "KeySignature": 0.0,
      "TimeSignature": 0.0,
      "NoteDeletion": 0.09185964912280702,
      "NoteInsertion": 0.03143859649122807,
      "NoteSpelling": 0.02456140350877193,
      "NoteDuration": 0.21933333333333332,
      "StemDirection": 0.1523157894736842,
      "Beams": 0.5049473684210526,
      "Tie": 0.0,
      "StaffAssignment": 0.11575438596491228,
      "Voice": 0.0,
      "TrillTP": 0.5,
      "TrillFP": 1.0,
      "TrillTN": 840.5,
      "TrillFN": 0.0,
      "StaccatoTP": 0.0,
      "StaccatoFP": 0.0,
      "StaccatoTN": 827.0,
      "StaccatoFN": 15.0,
      "GraceTP": 0.0,
      "GraceFP": 3.5,
      "GraceTN": 836.5,
      "GraceFN": 2.0,
      "TrillPrec": 0.3333333333333333,
      "TrillRec": 1.0,
      "TrillF1": 0.5,
      "n_Note": 1087.5,
      "StaccatoRec": 0.0,
      "GracePrec": 0.0,
      "GraceRec": 0.0
    }
  },
  "per_performance": [
    {
      "composer": "Bach",
      "piece": "Bach/Fugue/bwv_846",
      "piece_id": 15,
      "midi": "./data/asap-dataset/Bach/Fugue/bwv_846/Shi05M.mid",
      "score": "./data/asap-dataset/Bach/Fugue/bwv_846/xml_score.musicxml",
      "n_notes": 754,
      "sim": {
        "mxl <-> gt_mxl": {
          "Clef": 0.0,
          "KeySignature": 0.0,
          "TimeSignature": 0.0,
          "NoteDeletion": 0.056,
          "NoteInsertion": 0.018666666666666668,
          "NoteSpelling": 0.0,
          "NoteDuration": 0.172,
          "StemDirection": 0.14533333333333334,
          "Beams": 0.7586666666666667,
          "Tie": 0.0,
          "StaffAssignment": 0.08133333333333333,
          "Voice": 0.0,
          "TrillTP": 1,
          "TrillFP": 2,
          "TrillTN": 644,
          "TrillFN": 0,
          "StaccatoTP": 0,
          "StaccatoFP": 0,
          "StaccatoTN": 647,
          "StaccatoFN": 0,
          "GraceTP": 0,
          "GraceFP": 0,
          "GraceTN": 647,
          "GraceFN": 0,
          "TrillPrec": 0.3333333333333333,
          "TrillRec": 1.0,
          "TrillF1": 0.5,
          "StaccatoPrec": null,
          "StaccatoRec": null,
          "StaccatoF1": null,
          "GracePrec": null,
          "GraceRec": null,
          "GraceF1": null,
          "n_Note": 750
        },
        "muster": {
          "PitchER": 0.402685,
          "MissRate": 3.75839,
          "ExtraRate": 2.7137,
          "OnsetER": 2.92887,
          "OffsetER": 19.9442,
          "MeanER": 5.94957,
          "VoiceER": 44.0725,
          "NewMeanER": 12.3034,
          "Pvoi": 58.7571,
          "Rvoi": 62.4648,
          "Fvoi": 60.5542,
          "ScaleErr": 1.14005,
          "HandER": 6.83403
        }
      },
      "infer_s": 995.1
    },
    {
      "composer": "Scriabin",
      "piece": "Scriabin/Etudes_op_8/11",
      "piece_id": 478,
      "midi": "./data/asap-dataset/Scriabin/Etudes_op_8/11/Shi08M.mid",
      "score": "./data/asap-dataset/Scriabin/Etudes_op_8/11/xml_score.musicxml",
      "n_notes": 1324,
      "sim": {
        "mxl <-> gt_mxl": {
          "Clef": 0.0,
          "KeySignature": 0.0,
          "TimeSignature": 0.0,
          "NoteDeletion": 0.12771929824561404,
          "NoteInsertion": 0.04421052631578947,
          "NoteSpelling": 0.04912280701754386,
          "NoteDuration": 0.26666666666666666,
          "StemDirection": 0.15929824561403508,
          "Beams": 0.2512280701754386,
          "Tie": 0.0,
          "StaffAssignment": 0.15017543859649124,
          "Voice": 0.0,
          "TrillTP": 0,
          "TrillFP": 0,
          "TrillTN": 1037,
          "TrillFN": 0,
          "StaccatoTP": 0,
          "StaccatoFP": 0,
          "StaccatoTN": 1007,
          "StaccatoFN": 30,
          "GraceTP": 0,
          "GraceFP": 7,
          "GraceTN": 1026,
          "GraceFN": 4,
          "TrillPrec": null,
          "TrillRec": null,
          "TrillF1": null,
          "StaccatoPrec": null,
          "StaccatoRec": 0.0,
          "StaccatoF1": null,
          "GracePrec": 0.0,
          "GraceRec": 0.0,
          "GraceF1": null,
          "n_Note": 1425
        },
        "muster": {
          "PitchER": 1.22567,
          "MissRate": 7.71449,
          "ExtraRate": 2.73556,
          "OnsetER": 12.6562,
          "OffsetER": 30.7812,
          "MeanER": 11.0226,
          "VoiceER": 77.1094,
          "NewMeanER": 22.0371,
          "Pvoi": 34.8635,
          "Rvoi": 44.3176,
          "Fvoi": 39.0261,
          "ScaleErr": 1.25232,
          "HandER": 62.9688
        }
      },
      "infer_s": 1487.8
    }
  ]
}