{
  "meta": {
    "ckpt": "checkpoints/arm1_mixed8020/arm1_mixed-epoch=03-val/total=0.6683.ckpt",
    "split": "test",
    "overlap": 64,
    "chunk": 512,
    "device": "cpu",
    "n_performances": 59,
    "elapsed_s": 2484.1
  },
  "aggregate": {
    "n_scored": 2,
    "n_total": 2,
    "muster": {
      "PitchER": 0.866338,
      "MissRate": 5.412,
      "ExtraRate": 2.54265,
      "OnsetER": 6.7865,
      "OffsetER": 26.418950000000002,
      "MeanER": 8.40527,
      "VoiceER": 56.5308,
      "NewMeanER": 16.4262,
      "Pvoi": 46.87605,
      "Rvoi": 55.38355,
      "Fvoi": 50.61825,
      "ScaleErr": 1.206985,
      "HandER": 35.247735
    },
    "mxl <-> gt_mxl": {
      "Clef": 0.0,
      "KeySignature": 0.0,
      "TimeSignature": 0.0,
      "NoteDeletion": 0.07975438596491229,
      "NoteInsertion": 0.021368421052631578,
      "NoteSpelling": 0.020701754385964912,
      "NoteDuration": 0.2728421052631579,
      "StemDirection": 0.16849122807017544,
      "Beams": 0.5161052631578947,
      "Tie": 0.0,
      "StaffAssignment": 0.09642105263157895,
      "Voice": 0.0,
      "TrillTP": 0.5,
      "TrillFP": 1.0,
      "TrillTN": 875.5,
      "TrillFN": 0.0,
      "StaccatoTP": 0.0,
      "StaccatoFP": 0.0,
      "StaccatoTN": 861.5,
      "StaccatoFN": 15.5,
      "GraceTP": 0.0,
      "GraceFP": 5.5,
      "GraceTN": 869.5,
      "GraceFN": 2.0,
      "TrillPrec": 0.3333333333333333,
      "TrillRec": 1.0,
      "TrillF1": 0.5,
      "n_Note": 1087.5,
      "StaccatoRec": 0.0,
      "GracePrec": 0.0,
      "GraceRec": 0.0
    }
  },
  "per_performance": [
    {
      "composer": "Bach",
      "piece": "Bach/Fugue/bwv_846",
      "piece_id": 15,
      "midi": "./data/asap-dataset/Bach/Fugue/bwv_846/Shi05M.mid",
      "score": "./data/asap-dataset/Bach/Fugue/bwv_846/xml_score.musicxml",
      "n_notes": 754,
      "sim": {
        "mxl <-> gt_mxl": {
          "Clef": 0.0,
          "KeySignature": 0.0,
          "TimeSignature": 0.0,
          "NoteDeletion": 0.04933333333333333,
          "NoteInsertion": 0.014666666666666666,
          "NoteSpelling": 0.0,
          "NoteDuration": 0.16533333333333333,
          "StemDirection": 0.11733333333333333,
          "Beams": 0.7746666666666666,
          "Tie": 0.0,
          "StaffAssignment": 0.06933333333333333,
          "Voice": 0.0,
          "TrillTP": 1,
          "TrillFP": 2,
          "TrillTN": 658,
          "TrillFN": 0,
          "StaccatoTP": 0,
          "StaccatoFP": 0,
          "StaccatoTN": 661,
          "StaccatoFN": 0,
          "GraceTP": 0,
          "GraceFP": 0,
          "GraceTN": 661,
          "GraceFN": 0,
          "TrillPrec": 0.3333333333333333,
          "TrillRec": 1.0,
          "TrillF1": 0.5,
          "StaccatoPrec": null,
          "StaccatoRec": null,
          "StaccatoF1": null,
          "GracePrec": null,
          "GraceRec": null,
          "GraceF1": null,
          "n_Note": 750
        },
        "muster": {
          "PitchER": 0.939597,
          "MissRate": 3.75839,
          "ExtraRate": 3.10811,
          "OnsetER": 2.7894,
          "OffsetER": 19.9442,
          "MeanER": 6.10794,
          "VoiceER": 39.749,
          "NewMeanER": 11.7148,
          "Pvoi": 59.7183,
          "Rvoi": 64.507,
          "Fvoi": 62.0204,
          "ScaleErr": 1.13703,
          "HandER": 7.11297
        }
      },
      "infer_s": 994.5
    },
    {
      "composer": "Scriabin",
      "piece": "Scriabin/Etudes_op_8/11",
      "piece_id": 478,
      "midi": "./data/asap-dataset/Scriabin/Etudes_op_8/11/Shi08M.mid",
      "score": "./data/asap-dataset/Scriabin/Etudes_op_8/11/xml_score.musicxml",
      "n_notes": 1324,
      "sim": {
        "mxl <-> gt_mxl": {
          "Clef": 0.0,
          "KeySignature": 0.0,
          "TimeSignature": 0.0,
          "NoteDeletion": 0.11017543859649123,
          "NoteInsertion": 0.028070175438596492,
          "NoteSpelling": 0.041403508771929824,
          "NoteDuration": 0.38035087719298244,
          "StemDirection": 0.21964912280701754,
          "Beams": 0.2575438596491228,
          "Tie": 0.0,
          "StaffAssignment": 0.12350877192982457,
          "Voice": 0.0,
          "TrillTP": 0,
          "TrillFP": 0,
          "TrillTN": 1093,
          "TrillFN": 0,
          "StaccatoTP": 0,
          "StaccatoFP": 0,
          "StaccatoTN": 1062,
          "StaccatoFN": 31,
          "GraceTP": 0,
          "GraceFP": 11,
          "GraceTN": 1078,
          "GraceFN": 4,
          "TrillPrec": null,
          "TrillRec": null,
          "TrillF1": null,
          "StaccatoPrec": null,
          "StaccatoRec": 0.0,
          "StaccatoF1": null,
          "GracePrec": 0.0,
          "GraceRec": 0.0,
          "GraceF1": null,
          "n_Note": 1425
        },
        "muster": {
          "PitchER": 0.793079,
          "MissRate": 7.06561,
          "ExtraRate": 1.97719,
          "OnsetER": 10.7836,
          "OffsetER": 32.8937,
          "MeanER": 10.7026,
          "VoiceER": 73.3126,
          "NewMeanER": 21.1376,
          "Pvoi": 34.0338,
          "Rvoi": 46.2601,
          "Fvoi": 39.2161,
          "ScaleErr": 1.27694,
          "HandER": 63.3825
        }
      },
      "infer_s": 1489.6
    }
  ]
}